id_unidad,cat_bidding_zone
AAXRCTI,PT
AAXRGDL,PT
AAXRSUL,PT
ABA1,ES
ABA2,ES
ABASC01,ES
ABO1,ES
ABO2,ES
ABO2G,ES
ABOUC01,ES
ABOX,ES
ACAPC01,ES
ACAVADB,PT
ACAVADO,PT
ACBFRAE,ES
ACBFRAI,ES
ACBPORE,ES
ACBPORI,ES
ACC1EBR,ES
ACC2EBR,ES
ACCGC02,PT
ACCGV02,PT
ACE3,ES
ACE4,ES
ACHEC01,ES
ACNHC01,ES
ACSOC01,ES
ACTIC01,ES
ADEIC01,ES
ADELC01,ES
ADERE01,ES
ADOURO,PT
ADOUROB,PT
ADREC02,PT
ADREV02,PT
ADSNC01,ES
ADURC01,ES
ADXC01,ES
ADXRC03,ES
ADXRE01,ES
ADXRE02,ES
ADXRE03,ES
ADXRE04,ES
ADXRE05,ES
ADXRE06,ES
ADXRE07,ES
ADXRE08,ES
ADXRE09,ES
ADXRE10,ES
ADXRE11,ES
ADXRM01,ES
ADXRM02,ES
ADXRM03,ES
ADXRM04,ES
ADXRM06,ES
ADXRM07,ES
ADXRM08,ES
ADXRM09,ES
ADXRM10,ES
ADXRM11,ES
ADXVD01,ES
ADXVD03,ES
ADXVD04,ES
ADXVD05,ES
ADXVD06,ES
ADXVD07,ES
AEDEC01,ES
AENEC01,ES
AEQC01,ES
AFIBGEC,ES
AFIBGEV,ES
AFIBHEC,ES
AFIBHFC,ES
AGENC01,ES
AGENVD2,ES
AGERC04,ES
AGERC10,ES
AGEVD01,ES
AGLC02,PT
AGMAC01,ES
AGPRCTI,PT
AGPRCTL,PT
AGPRSUL,PT
AGPRTMD,PT
AGRIC01,ES
AGRRE01,ES
AGRRE02,ES
AGUB,ES
AGUG,ES
AGVRC01,ES
AHOEC01,ES
AHORC01,ES
AHTC01,ES
AIGRCTI,PT
AIGRCTL,PT
AIREC01,ES
AIRVD01,ES
AIRVD02,ES
AIZEC01,ES
AJENC01,ES
ALAHC01,ES
ALBCC01,ES
ALDDC01,ES
ALDRC01,ES
ALDRC02,PT
ALDRE01,ES
ALDRE02,ES
ALFAC02,PT
ALFAV02,PT
ALG3,ES
ALGICA1,ES
ALIMA,PT
ALIMAB,PT
ALIOC01,ES
ALPXC01,ES
ALUEC01,ES
ALUZC01,ES
ALZ1,ES
ALZ2,ES
AMAZC01,ES
AMBIETA,ES
AMBIETX,ES
AMEC01,ES
AMEVD1,ES
AMEVD2,ES
AMPEC01,ES
AMRE001,ES
AMRE002,ES
AMRE003,ES
AMRE004,ES
AMRE005,ES
AMRE007,ES
AMRE008,ES
AMRE010,ES
AMRE012,ES
AMRE013,ES
AMRE014,ES
AMRE015,ES
AMRE017,ES
AMRE018,ES
AMRE019,ES
AMRE020,ES
AMRE027,ES
AMRE029,ES
AMRE030,ES
AMRE031,ES
AMRE032,ES
AMRE033,ES
AMRE034,ES
AMRE035,ES
AMRE036,ES
AMRE038,ES
AMRE039,ES
AMRE040,ES
AMRE042,ES
ANIMC01,ES
ANTEC01,ES
ANTUC01,ES
APOANDE,ES
APOANDI,ES
APOFRAE,ES
APOFRAI,ES
APOLC01,ES
APOMARE,ES
APOMARI,ES
APOPORE,ES
APOPORI,ES
APRC01,ES
APRIC01,ES
ARACC01,ES
ARCH,ES
ARCOS1,ES
ARCOS2,ES
ARCOS3,ES
AREPC02,PT
AREPV02,PT
ARGC01,ES
ARGUC01,ES
ARRU1R,ES
ARRU1XR,ES
ARRU2R,ES
ARRU2XR,ES
ASC1,ES
ASC2,ES
ASIAGU,ES
ASIDUE,ES
ASIEBR2,ES
ASIEBRO,ES
ASIEC01,ES
ASIJUCA,ES
ASITAJ,ES
ASIVD01,ES
ASIVD02,ES
ASIVD03,ES
ASIVD06,ES
ASRIHCC,ES
ASRIHCV,ES
ASSEC01,ES
ASTCP3,ES
ASTRC01,ES
ASTVP3,ES
ATEEC01,ES
ATLRE01,ES
ATLRE02,ES
ATLSC01,ES
ATPC01,ES
ATRIC01,ES
AUDAC01,ES
AVILC01,ES
AXPOC02,PT
AXPOR01,ES
AXPOV02,PT
AYLUC01,ES
BAHIAB,ES
BAHIABX,ES
BAKC01,ES
BALEC01,ES
BALFRAE,ES
BALFRAI,ES
BALPORE,ES
BALPORI,ES
BECOC01,ES
BECVD01,ES
BECVD02,ES
BECVD03,ES
BECVD04,ES
BERR1,ES
BERR2,ES
BES3,ES
BES4,ES
BES5,ES
BESC01,ES
BEYOC01,ES
BEYRM01,ES
BEYRM02,ES
BIOC01,ES
BIROC01,ES
BNPRC01,ES
BNPRE01,ES
BNPRM01,ES
BOAEC01,ES
BOLI,ES
BPC01,ES
BPRE03,ES
BPRE04,ES
BPRM01,ES
BREIC01,ES
BRENAB,ES
BRR1R1,ES
BRR1XR1,ES
BSGEC01,ES
BSGRC01,ES
BSGRE01,ES
BSGRM01,ES
BTNR,ES
CALEC01,ES
CALRC01,ES
CALRE01,ES
CAMCC01,ES
CAMG20R,ES
CAMG20X,ES
CAMGI10,ES
CANXC01,ES
CAPAC01,ES
CAPTC01,ES
CARVC01,ES
CATGC01,ES
CATRC01,ES
CCASC01,ES
CCATC01,ES
CD02R01,ES
CD03R01,ES
CD04R01,ES
CD05R01,ES
CEBAC01,ES
CECAC01,ES
CEDC01,ES
CEESC01,ES
CEGC01,ES
CEGPM4,ES
CELC01,ES
CELRC01,ES
CELRC02,ES
CELSR01,ES
CEMEC01,ES
CENRE01,ES
CENTC01,ES
CENTCP3,ES
CENTVP3,ES
CEPEC01,ES
CEPSC02,PT
CESOC01,ES
CESOVD1,ES
CETAC01,ES
CEVD001,ES
CEVD002,ES
CEVD003,ES
CEVD004,ES
CEVD011,ES
CEVD014,ES
CEVD020,ES
CEVD022,ES
CEVD025,ES
CEVD028,ES
CEVD029,ES
CEVD038,ES
CEVD044,ES
CEVD046,ES
CEVD051,ES
CEVD053,ES
CEVD054,ES
CEVD057,ES
CEVD063,ES
CEVD073,ES
CEVD075,ES
CEVD076,ES
CEVD204,ES
CEVD205,ES
CEVD209,ES
CEVD214,ES
CEVD234,ES
CEVD235,ES
CEVD244,ES
CEVD249,ES
CEVD255,ES
CEVD256,ES
CEVD264,ES
CEVD266,ES
CEVD269,ES
CEVD274,ES
CEVD275,ES
CEVD276,ES
CEVD278,ES
CEVD279,ES
CEVD280,ES
CEVD281,ES
CEVD282,ES
CEVD283,ES
CEVD284,ES
CEVD287,ES
CEVD288,ES
CEVD289,ES
CEVD290,ES
CEVD293,ES
CEVD294,ES
CEVD296,ES
CEVD300,ES
CEVD302,ES
CEVD307,ES
CEVD308,ES
CEVD309,ES
CEVD327,ES
CEVD328,ES
CEVD329,ES
CEVD331,ES
CEVD332,ES
CEVD334,ES
CEVD335,ES
CEVD339,ES
CEVD340,ES
CEVD342,ES
CEVD343,ES
CEVD344,ES
CEVD345,ES
CEVD346,ES
CEVD347,ES
CEVD348,ES
CEVD349,ES
CEVD350,ES
CEVD351,ES
CEVD352,ES
CEVD353,ES
CEVD354,ES
CEVD356,ES
CEVD357,ES
CEVD358,ES
CEVD359,ES
CEVD360,ES
CEVD361,ES
CEVD363,ES
CEVD366,ES
CEVD368,ES
CEVD369,ES
CEVD371,ES
CEVD372,ES
CEVD373,ES
CEVD374,ES
CEVD375,ES
CEVD376,ES
CEVD377,ES
CEVD378,ES
CEVD379,ES
CEVD380,ES
CEVD381,ES
CEVD383,ES
CEVD384,ES
CEVD385,ES
CEVD386,ES
CEVD387,ES
CEVD392,ES
CEVD395,ES
CEVD396,ES
CEVD397,ES
CEVD398,ES
CEVD399,ES
CEVD400,ES
CEVD401,ES
CEVD402,ES
CEVD405,ES
CEVD411,ES
CEVD412,ES
CEVD413,ES
CEVD414,ES
CEVD415,ES
CEVD416,ES
CEVD417,ES
CEVD418,ES
CEVD419,ES
CEVD420,ES
CEVD421,ES
CEVD422,ES
CEVD423,ES
CEVD424,ES
CEVD425,ES
CEVD426,ES
CEVD427,ES
CEVD428,ES
CEVD429,ES
CEVD430,ES
CEVD431,ES
CEVD432,ES
CEVD433,ES
CEVD435,ES
CEVD436,ES
CEVD437,ES
CEVD438,ES
CEVD439,ES
CEVD440,ES
CEVD441,ES
CEVD442,ES
CEVD443,ES
CEVD444,ES
CEVD445,ES
CEVD446,ES
CEVD447,ES
CEVD448,ES
CEVD449,ES
CEVD450,ES
CEVD451,ES
CEVD452,ES
CEVD453,ES
CEVD454,ES
CEVD455,ES
CEVD456,ES
CEVD457,ES
CEVD458,ES
CEVD462,ES
CEVD463,ES
CEVD464,ES
CEVD465,ES
CEVD466,ES
CEVD467,ES
CEVD468,ES
CEVD469,ES
CEVD470,ES
CEVD471,ES
CEVD472,ES
CEVD473,ES
CEVD474,ES
CEVD475,ES
CEVD476,ES
CEVD477,ES
CEVD478,ES
CEVD479,ES
CEVD480,ES
CEVD481,ES
CEVD482,ES
CEVD483,ES
CEVD484,ES
CEVD485,ES
CEVD486,ES
CEVD487,ES
CEVD488,ES
CEVD489,ES
CHCC01,ES
CHCOC01,ES
CHENC01,ES
CHERC01,ES
CHISC01,ES
CILCOR,ES
CIMAC01,ES
CJON1XR,ES
CJON3XR,ES
CLEAC01,ES
CLIDC01,ES
CLIDC02,PT
CLIDV02,PT
CLIPCX1,ES
CLIPVX1,ES
CLIVD01,ES
CLIVD04,ES
CLIVD05,ES
CLIVD08,ES
CLIVD27,ES
CLIVD48,ES
CLIVD49,ES
CLIVD50,ES
CLIVD54,ES
CLIVD58,ES
CLIVD60,ES
CLIVD65,ES
CLIVD67,ES
CLIVD73,ES
CLIVD74,ES
CLIVD75,ES
CLIVD76,ES
CNCRE01,ES
CNCRE02,ES
CNEVC01,ES
CNTLC01,ES
COALC01,ES
CODOC01,ES
COELC01,ES
COESC01,ES
COF1,ES
COG75RR,ES
COGEC01,ES
COGEVD3,ES
COGEVD4,ES
COGEVD5,ES
COGEVD6,ES
COGEVD7,ES
COGEVD8,ES
COGVD10,ES
COGVD11,ES
COGVD12,ES
COL4,ES
COMTC01,ES
CONEC01,ES
CONSC01,ES
CONTC01,ES
COPIC01,ES
CPERM01,ES
CPERM02,ES
CREEC01,ES
CREOC01,ES
CTGN1,ES
CTGN2,ES
CTGN3,ES
CTJON1R,ES
CTJON2,ES
CTJON3R,ES
CTN3,ES
CTN4,ES
CTNJUC2,ES
CTNU,ES
CTNUX,ES
CUC01,ES
CUNCC01,ES
CUPRC01,ES
CUPRC02,ES
CUVEC01,ES
CWCMC01,ES
CYDAC01,ES
CYEC01,ES
CYEVD01,ES
CYEVD05,ES
CZFVC01,ES
DAIMC01,ES
DEBAC01,ES
DEPOC01,ES
DETCRE1,ES
DETIC01,ES
DETIR01,ES
DETRC01,ES
DETRC02,ES
DETRC15,ES
DETRC16,ES
DETSSAA,ES
DETVD03,ES
DETVD10,ES
DETVD11,ES
DETVD17,ES
DETVD19,ES
DETVD25,ES
DETVD27,ES
DETVD29,ES
DETVD30,ES
DETVD32,ES
DETVD33,ES
DETVD34,ES
DETVD35,ES
DETVD36,ES
DETVD37,ES
DETVD38,ES
DETVD42,ES
DETVD43,ES
DETVD44,ES
DETVD46,ES
DETVD47,ES
DETVD48,ES
DETVD49,ES
DETVD51,ES
DETVD53,ES
DETVD54,ES
DETVD55,ES
DETVD56,ES
DETVD57,ES
DETVD58,ES
DETVD65,ES
DETVD66,ES
DETVD68,ES
DETVD70,ES
DFERC01,ES
DIELC01,ES
DILUC01,ES
DINEC01,ES
DIRGC01,ES
DIVIC01,ES
DLSTC01,ES
DOBLC01,ES
DOLRC01,ES
DONBC01,ES
DOUSUP,PT
DOUSUPB,PT
DPKEC01,ES
DREAC01,ES
DRERC01,ES
DRERC02,ES
DREVD01,ES
DREVD02,ES
DREVD03,ES
DREVD04,ES
DREVD05,ES
DREVD06,ES
DREVD07,ES
DREVD08,ES
DREVD09,ES
DREVD10,ES
DREVD11,ES
DREVD12,ES
DREVD14,ES
DREVD15,ES
DRKFC01,ES
DRKRM01,ES
DRKRM02,ES
DSMAC01,ES
DTVD001,ES
DTVD002,ES
DTVD003,ES
DTVD004,ES
DTVD005,ES
DTVD006,ES
DTVD007,ES
DTVD008,ES
DTVD009,ES
DTVD010,ES
DTVD011,ES
DTVD012,ES
DTVD013,ES
DTVD014,ES
DTVD015,ES
DTVD016,ES
DTVD017,ES
DTVD018,ES
DTVD019,ES
DTVD020,ES
DTVD021,ES
DTVD022,ES
DTVD023,ES
DTVD024,ES
DTVD025,ES
DTVD027,ES
DTVD028,ES
DTVD029,ES
DTVD030,ES
DTVD031,ES
DTVD033,ES
DTVD034,ES
DTVD035,ES
DTVD036,ES
DTVD038,ES
DTVD039,ES
DTVD040,ES
DTVD041,ES
DTVD042,ES
DTVD043,ES
DTVD044,ES
DTVD045,ES
DTVD046,ES
DTVD047,ES
DTVD048,ES
DTVD049,ES
DTVD050,ES
DTVD052,ES
DTVD053,ES
DTVD054,ES
DTVD056,ES
DTVD057,ES
DTVD058,ES
DTVD059,ES
DTVD060,ES
DTVD061,ES
DTVD062,ES
DTVD063,ES
DTVD064,ES
DTVD065,ES
DTVD067,ES
DTVD068,ES
DTVD069,ES
DTVD070,ES
DTVD071,ES
DTVD072,ES
DTVD073,ES
DTVD074,ES
DTVD075,ES
DUEB,ES
DUER,ES
DUFEC01,ES
DUFECP3,ES
DUFEVP3,ES
DYNFC01,ES
E21VD01,ES
E21VD02,ES
E21VD03,ES
E21VD04,ES
E21VD05,ES
E21VD06,ES
E21VD07,ES
E21VD08,ES
E21VD09,ES
E21VD10,ES
E21VD11,ES
E21VD12,ES
E21VD13,ES
E21VD14,ES
E21VD15,ES
E21VD16,ES
EALBC01,ES
EALMC01,ES
EAM0C01,ES
EAMC01,ES
EAMVD02,ES
EBLCO01,ES
EBLCR01,ES
EBLCVD1,ES
EBLCVD2,ES
EBLCVD3,ES
EBLCVD4,ES
EBLCVD5,ES
EBLCVD6,ES
EBLCVD7,ES
EBLCVD8,ES
EBLCVD9,ES
EBLVD10,ES
EBLVD11,ES
EBLVD12,ES
EBLVD13,ES
EBLVD14,ES
EBLVD15,ES
EBLVD16,ES
EBLVD17,ES
EBLVD20,ES
EBLVD21,ES
EBLVD22,ES
EBLVD23,ES
EBLVD24,ES
EBLVD25,ES
EBLVD29,ES
EBLVD31,ES
EBLVD32,ES
EBLVD35,ES
EBLVD36,ES
EBLVD37,ES
EBLVD38,ES
EBLVD39,ES
EBLVD40,ES
EBLVD41,ES
EBLVD42,ES
EBLVD43,ES
EBLVD44,ES
EBLVD45,ES
EBLVD46,ES
EBLVD47,ES
EBLVD48,ES
EBLVD49,ES
EBLVD50,ES
EBLVD51,ES
EBLVD52,ES
EBLVD53,ES
EBLVD54,ES
EBLVD55,ES
EBLVD56,ES
EBLVD57,ES
EBLVD58,ES
EBLVD59,ES
EBLVD60,ES
EBLVD61,ES
EBLVD62,ES
EBLVD63,ES
EBLVD64,ES
EBLVD65,ES
EBLVD66,ES
EBLVD67,ES
EBLVD68,ES
EBLVD69,ES
EBLVD70,ES
EBLVD71,ES
EBLVD72,ES
EBLVD73,ES
EBLVD74,ES
EBLVD75,ES
EBRA,ES
EBREC01,ES
EBRERZ,ES
EBRFEN,ES
ECATC01,ES
ECAZC01,ES
ECHO,ES
ECOCV02,PT
ECOFC01,ES
ECOTC01,ES
ECOVC01,ES
ECSCCA1,ES
ECT2,ES
ECT2X,ES
ECT3,ES
ECYRRE1,ES
ECYRREX,ES
EDFSC01,ES
EDFTC01,ES
EDFTCP3,ES
EDFTVP3,ES
EDPC2,PT
EDPCC01,ES
EDPCR01,ES
EDPCXR,ES
EDPGPV2,PT
EDPSVD1,PT
EDPSVD2,PT
EDPSVD3,PT
EDPUC2,PT
EDPV2,PT
EDRE001,ES
EDRE002,ES
EDRE003,ES
EDRE004,ES
EDRE005,ES
EDRE006,ES
EDRE007,ES
EDRE008,ES
EDRE009,ES
EDRE010,ES
EDRE012,ES
EDRE013,ES
EDRE014,ES
EDRE015,ES
EDRE016,ES
EDRE017,ES
EDRE018,ES
EDRE019,ES
EDRE020,ES
EDRE021,ES
EDRE022,ES
EDRE027,ES
EDRE029,ES
EDRE030,ES
EDRE031,ES
EDRE032,ES
EDRE033,ES
EDRE034,ES
EDRE035,ES
EE21C01,ES
EE21CEB,ES
EEEC01,ES
EENC01,ES
EENEC01,ES
EENRC02,ES
EFGC01,ES
EFGVD1,ES
EFGVD10,ES
EFGVD11,ES
EFGVD12,ES
EFGVD14,ES
EFGVD15,ES
EFGVD16,ES
EFGVD18,ES
EFGVD19,ES
EFGVD20,ES
EFGVD21,ES
EFGVD22,ES
EFGVD23,ES
EFGVD24,ES
EFGVD25,ES
EFGVD3,ES
EFGVD4,ES
EFGVD5,ES
EFGVD6,ES
EFGVD9,ES
EFIDC01,ES
EFIVD01,ES
EGAZC01,ES
EGCMC01,ES
EGEDC01,ES
EGEDCP3,ES
EGEDCX,ES
EGEDR01,ES
EGEDRE1,ES
EGEDRE2,ES
EGEDRE3,ES
EGEDRE4,ES
EGEDRE5,ES
EGEDRE6,ES
EGEDRE9,ES
EGEDVD3,ES
EGEDVD4,ES
EGEDVD5,ES
EGEDVD6,ES
EGEDVD7,ES
EGEDVD8,ES
EGEDVP3,ES
EGENC01,ES
EGLCCX1,ES
EGLCVX1,ES
EGLEC01,ES
EGLEC2,PT
EGLECP3,ES
EGLEV2,PT
EGLEVD1,ES
EGLEVP3,ES
EGLEX,ES
EGLPCX1,ES
EGLPVX1,ES
EGLRM01,ES
EGOVD01,ES
EGPM001,ES
EGPM003,ES
EGPM004,ES
EGPPCX2,PT
EGPPVX2,PT
EGPRE02,ES
EGPRE21,ES
EGPRE22,ES
EGPRE27,ES
EGPRE28,ES
EGPRE29,ES
EGPRE51,ES
EGPRE52,ES
EGPRE53,ES
EGPRE54,ES
EGPRE55,ES
EGPRE56,ES
EGPRE57,ES
EGPRE58,ES
EGPRE59,ES
EGPRE60,ES
EGPRE61,ES
EGPRE62,ES
EGPRE63,ES
EGPRE64,ES
EGPRE80,ES
EGPRE81,ES
EGPRE82,ES
EGPRE90,ES
EGREC01,ES
EGVD003,ES
EGVD004,ES
EGVD007,ES
EGVD011,ES
EGVD024,ES
EGVD051,ES
EGVD052,ES
EGVD053,ES
EGVD055,ES
EGVD056,ES
EGVD058,ES
EGVD059,ES
EGVD060,ES
EGVD061,ES
EGVD062,ES
EGVD064,ES
EGVD065,ES
EGVD066,ES
EGVD067,ES
EGVD068,ES
EGVD074,ES
EGVD075,ES
EGVD076,ES
EGVD077,ES
EGVD083,ES
EGVD085,ES
EGVD086,ES
EGVD087,ES
EGVD088,ES
EGVD089,ES
EGVD090,ES
EGVD091,ES
EGVD092,ES
EGVD094,ES
EGVD095,ES
EGVD096,ES
EGVD097,ES
EGVD098,ES
EGVD099,ES
EGVD100,ES
EGVD104,ES
EGVD106,ES
EGVD107,ES
EGVD108,ES
EGVD109,ES
EGVD111,ES
EGVD114,ES
EGVD115,ES
EGVD116,ES
EGVD121,ES
EGVD122,ES
EGVD123,ES
EGVD124,ES
EGVD128,ES
EGVD129,ES
EGVD130,ES
EGVD134,ES
EGVD135,ES
EGVD136,ES
EGVD137,ES
EGVD138,ES
EGVD142,ES
EGVD143,ES
EGVD144,ES
EGVD145,ES
EGVD148,ES
EGVD149,ES
EGVD152,ES
EGVD155,ES
EGVD156,ES
EGVD158,ES
EGVD160,ES
EGVD161,ES
EGVD162,ES
EGVD163,ES
EGVD165,ES
EGVD166,ES
EGVD169,ES
EGVD172,ES
EGVD173,ES
EGVD174,ES
EGVD175,ES
EGVD176,ES
EGVD178,ES
EGVD180,ES
EGVD181,ES
EGVD183,ES
EGVD184,ES
EGVD185,ES
EGVD188,ES
EGVD192,ES
EGVD193,ES
EGVD195,ES
EGVD197,ES
EGVD198,ES
EGVD199,ES
EGVD200,ES
EGVD201,ES
EGVD202,ES
EGVD203,ES
EGVD205,ES
EGVD206,ES
EGVD207,ES
EGVD210,ES
EGVD211,ES
EGVD212,ES
EGVD219,ES
EGVD221,ES
EGVD222,ES
EGVD223,ES
EGVD224,ES
EGVD225,ES
EGVD226,ES
EGVD227,ES
EGVD228,ES
EGVD230,ES
EGVD231,ES
EGVD232,ES
EGVD234,ES
EGVD238,ES
EGVD242,ES
EGVD246,ES
EGVD248,ES
EGVD250,ES
EGVD251,ES
EGVD252,ES
EGVD253,ES
EGVD255,ES
EGVD257,ES
EGVD258,ES
EGVD261,ES
EGVD262,ES
EGVD263,ES
EGVD264,ES
EGVD265,ES
EGVD266,ES
EGVD268,ES
EGVD269,ES
EGVD270,ES
EGVD272,ES
EGVD273,ES
EGVD274,ES
EGVD275,ES
EGVD276,ES
EGVD277,ES
EGVD279,ES
EGVD280,ES
EGVD281,ES
EGVD282,ES
EGVD284,ES
EGVD285,ES
EGVD286,ES
EGVD287,ES
EGVD288,ES
EGVD289,ES
EGVD290,ES
EGVD291,ES
EGVD292,ES
EGVD293,ES
EGVD295,ES
EGVD297,ES
EGVD299,ES
EGVD301,ES
EGVD355,ES
EGVD357,ES
EGVD359,ES
EGVD361,ES
EGVD362,ES
EGVD363,ES
EGVD364,ES
EGVD365,ES
EGVD366,ES
EGVD368,ES
EGVD369,ES
EGVD372,ES
EGVD373,ES
EGVD375,ES
EGVD376,ES
EGVD379,ES
EGVD381,ES
EGVD385,ES
EGVD386,ES
EGVD388,ES
EGVD389,ES
EGVD391,ES
EGVD392,ES
EGVD393,ES
EGVD394,ES
EGVD400,ES
EGVD401,ES
EGVD404,ES
EGVD406,ES
EGVD407,ES
EGVD408,ES
EGVD410,ES
EGVD413,ES
EGVD414,ES
EGVD415,ES
EGVD416,ES
EGVD417,ES
EGVD418,ES
EGVD420,ES
EGVD421,ES
EGVD422,ES
EGVD423,ES
EGVD426,ES
EGVD427,ES
EGVD429,ES
EGVD430,ES
EGVD432,ES
EGVD434,ES
EGVD439,ES
EGVD440,ES
EGVD441,ES
EGVD442,ES
EGVD444,ES
EGVD445,ES
EGVD447,ES
EGVD448,ES
EGVD449,ES
EGVD450,ES
EGVD451,ES
EGVD452,ES
EGVD453,ES
EGVD454,ES
EGVD455,ES
EGVD461,ES
EGVD462,ES
EGVD464,ES
EGVD465,ES
EGVD466,ES
EGVD467,ES
EGVD468,ES
EGVD469,ES
EGVD470,ES
EGVD471,ES
EGVD472,ES
EGVD473,ES
EGVD474,ES
EGVD475,ES
EGVD476,ES
EGVD478,ES
EGVD479,ES
EGVD481,ES
EGVD482,ES
EGVD483,ES
EGVD484,ES
EGVD485,ES
EGVD486,ES
EGVD487,ES
EGVD489,ES
EGVD490,ES
EGVD491,ES
EGVD492,ES
EGVD493,ES
EGVD494,ES
EGVD495,ES
EGVD496,ES
EGVD497,ES
EGVD498,ES
EGVD499,ES
EGVD500,ES
EGVD501,ES
EGVD502,ES
EGVD503,ES
EGVD504,ES
EGVD505,ES
EGVD506,ES
EGVD507,ES
EGVD508,ES
EGVD509,ES
EGVD510,ES
EGVD511,ES
EGVD512,ES
EGVD513,ES
EGVD514,ES
EGVD515,ES
EGVD516,ES
EGVD517,ES
EGVD518,ES
EGVD519,ES
EGVD520,ES
EGVD521,ES
EGVD522,ES
EGVD523,ES
EGVD524,ES
EGVD525,ES
EGVD526,ES
EGVD527,ES
EGVD528,ES
EGVD529,ES
EHILC01,ES
EINDC01,ES
EINTC01,ES
EKHIC01,ES
ELAVC01,ES
ELBEC01,ES
ELCAC01,ES
ELEAUX,ES
ELEIC01,ES
ELEPCX1,ES
ELEPVX1,ES
ELERC02,PT
ELERV02,PT
ELESC01,ES
ELITC01,ES
ELMOC01,ES
ELPOC01,ES
ELTEC01,ES
ELUZC01,ES
ELV2C01,ES
ELVAC01,ES
ELVD001,ES
ELVD025,ES
ELVD026,ES
ELVD027,ES
ELVD028,ES
ELVD029,ES
ELVD030,ES
ELVD031,ES
ELVD032,ES
ELVD033,ES
ELVD034,ES
ELVD035,ES
ELVD037,ES
ELVD038,ES
ELVD039,ES
ELVD040,ES
EMELC01,ES
EMIAC01,ES
EMORPC2,ES
EMORPRR,ES
ENARC01,ES
ENCECP3,ES
ENCEVP3,ES
ENCIC01,ES
ENDCC04,ES
ENDE01,ES
ENDEC01,ES
ENDEC2,PT
ENDER01,ES
ENDGCP3,ES
ENDGVD1,ES
ENDGVP3,ES
ENDIC01,ES
ENDKC01,ES
ENDPC01,ES
ENDPC2,PT
ENDPRB,ES
ENDRE01,ES
ENDRE02,ES
ENDRM01,ES
ENEC01,ES
ENEDC01,ES
ENEPC01,ES
ENERE01,ES
ENETC01,ES
ENEXC01,ES
ENFOC02,PT
ENFOV02,PT
ENGLC01,ES
ENGNC02,PT
ENGNG02,PT
ENGNV02,PT
ENMEC01,ES
ENMRE01,ES
ENPEC01,ES
ENPRM01,ES
ENRVD02,ES
ENRVD03,ES
ENRVD04,ES
ENRVD05,ES
ENRVD06,ES
ENRVD07,ES
ENRVD09,ES
ENRVD10,ES
ENRVD11,ES
ENRVD12,ES
ENRVD14,ES
ENRVD15,ES
ENRVD99,ES
ENSAC01,ES
ENTXC01,ES
ENUFC01,ES
ENUPCX1,ES
ENUPVX1,ES
ENURC01,ES
ENURE01,ES
ENURE02,ES
ENURE03,ES
ENURE04,ES
ENURE05,ES
ENURE06,ES
ENURE07,ES
ENURE08,ES
ENURE09,ES
ENURE10,ES
ENURE11,ES
ENURE12,ES
ENURE13,ES
ENURE14,ES
ENVD001,ES
ENVD002,ES
ENVD003,ES
ENVD004,ES
ENVEC01,ES
ENZIC01,ES
EONUC01,ES
EOP2C01,ES
EOUVD01,ES
EOUVD02,ES
EOUVD03,ES
EOUVD04,ES
EOUVD05,ES
EOUVD06,ES
EOUVD07,ES
EOUVD08,ES
EOUVD09,ES
EOUVD10,ES
EOUVD11,ES
EOUVD12,ES
EPACC01,ES
ERENC01,ES
EROUCP3,ES
EROUVP3,ES
ERPCC01,ES
ERUNC02,PT
ERUNV02,PT
ESC6,ES
ESCCC1,ES
ESCCC1X,ES
ESCCC2,ES
ESCCC2X,ES
ESCCC3,ES
ESCCC3X,ES
ESHIC01,ES
ESTEC01,ES
ESTELLE,ES
ETNEC01,ES
ETO1,ES
ETSOC01,ES
EUCDR01,ES
EURCC01,ES
EVIRE01,ES
EVIVC01,ES
EVMER01,ES
EXPC01,ES
EYCEC01,ES
EYPC01,ES
EYPRE01,ES
EYPRE02,ES
EYPRE03,ES
EYPRE04,ES
EZURC02,PT
EZURV02,PT
FECC01,ES
FEDAC04,ES
FEMCC01,ES
FENC01,ES
FENPCX1,ES
FENPVX1,ES
FENVD01,ES
FENVD02,ES
FENVD03,ES
FENVD04,ES
FENVD05,ES
FENVD06,ES
FENVD07,ES
FENVD08,ES
FENVD09,ES
FENVD10,ES
FIBRAC,ES
FLAMC01,ES
FLECC01,ES
FORTC01,ES
FORTIC2,PT
FORTR01,ES
FOXC01,ES
FRANC01,ES
FTULC01,ES
FUKAC01,ES
FUTVD03,ES
FUTVD04,ES
FUTVD05,ES
FUTVD06,ES
FUTVD07,ES
FUTVD08,ES
FUTVD09,ES
FUTVD10,ES
FUTVD11,ES
G9TEC02,PT
GABAC01,ES
GACC01,ES
GACVD1,ES
GACVD10,ES
GACVD11,ES
GACVD12,ES
GACVD13,ES
GACVD14,ES
GACVD2,ES
GACVD3,ES
GACVD4,ES
GACVD5,ES
GACVD6,ES
GACVD7,ES
GACVD8,ES
GACVD9,ES
GADXRC1,ES
GADXRV1,ES
GAENEC1,ES
GAENEV1,ES
GAIAC01,ES
GALAC01,ES
GALPC01,ES
GALPR01,ES
GALPVD1,ES
GALPVD2,ES
GALPVD3,ES
GALPVD4,ES
GALPVD5,ES
GALPVD6,ES
GALPVD7,ES
GALPVD8,ES
GALPVD9,ES
GALPWC2,PT
GALPWV2,PT
GALVD10,ES
GALVD11,ES
GALVD12,ES
GALVD13,ES
GALVD14,ES
GALVD15,ES
GALVD16,ES
GALVD17,ES
GALVD18,ES
GALVD19,ES
GALVD20,ES
GALVD21,ES
GALVD22,ES
GALVD23,ES
GALVD24,ES
GALVD25,ES
GALVD29,ES
GALVD30,ES
GALVD31,ES
GALVD32,ES
GALVD33,ES
GALVD34,ES
GALVD35,ES
GALVD36,ES
GALVD37,ES
GALVD38,ES
GALVD39,ES
GALVD40,ES
GALVD41,ES
GALVD42,ES
GALVD43,ES
GALVD44,ES
GALVD45,ES
GALVD46,ES
GALVD47,ES
GALVD48,ES
GALVD49,ES
GALVD50,ES
GALVD51,ES
GALVD52,ES
GALVD53,ES
GALVD54,ES
GALVD55,ES
GAMIC01,ES
GAOLC01,ES
GASNVD2,ES
GASNVD4,ES
GASNVD6,ES
GASNVD9,ES
GASRM01,ES
GASTUC1,ES
GASTUV1,ES
GASVD10,ES
GASVD11,ES
GASVD12,ES
GASVD14,ES
GASVD15,ES
GASVD16,ES
GASVD17,ES
GASVD18,ES
GBNPRC1,ES
GBNPRV1,ES
GBPC1,ES
GBPV1,ES
GC21C01,ES
GCENEC1,ES
GCENEV1,ES
GCENTC1,ES
GCENTV1,ES
GCLDPC2,PT
GCLDPV2,PT
GDETIC1,ES
GDETIV1,ES
GDIVC01,ES
GDLQ,ES
GDLQB,ES
GDNA,ES
GDREUC1,ES
GDREUV1,ES
GDUFEC1,ES
GDUFEV1,ES
GEBLCC1,ES
GEBLCV1,ES
GEDFTC1,ES
GEDFTV1,ES
GEDPGC2,PT
GEDPGV2,PT
GEENEC1,ES
GEENEV1,ES
GEFGC1,ES
GEFGV1,ES
GEGC01,ES
GEGEDC1,ES
GEGEDV1,ES
GEGLEC1,ES
GEGLEC2,PT
GEGLEV1,ES
GEGLEV2,PT
GEISC01,ES
GEMRC01,ES
GEMVD01,ES
GEMVD02,ES
GEMVD04,ES
GEMVD05,ES
GEMVD06,ES
GEMVD07,ES
GEMVD08,ES
GEMVD09,ES
GEMVD10,ES
GEMVD15,ES
GEMVD16,ES
GEMVD17,ES
GEMVD18,ES
GEMVD19,ES
GEMVD20,ES
GEMVD30,ES
GEMVD31,ES
GEMVD32,ES
GEMVD33,ES
GEMVD34,ES
GENDCC2,PT
GENDCV2,PT
GENDGC1,ES
GENDGV1,ES
GENDPC2,PT
GENDPV2,PT
GENSOLF,ES
GEOAC01,ES
GEOLC01,ES
GEPLAS,ES
GEROUC1,ES
GEROUV1,ES
GESIC01,ES
GESLC01,ES
GESPCX1,ES
GESPVX1,ES
GESSC01,ES
GESTC01,ES
GESTV02,PT
GESTVD2,ES
GESTVD4,ES
GESTVD5,ES
GESTVD6,ES
GESTVD9,ES
GESVD10,ES
GESVD11,ES
GESVD12,ES
GESVD13,ES
GESVD14,ES
GESVD15,ES
GESVD16,ES
GESVD17,ES
GESVD18,ES
GESVD19,ES
GESVD20,ES
GESVD21,ES
GESVD22,ES
GESVD23,ES
GESVD24,ES
GESVD25,ES
GESVD26,ES
GESVD27,ES
GESVD30,ES
GESVD31,ES
GESVD32,ES
GESVD33,ES
GESVD34,ES
GESVD38,ES
GESVD40,ES
GESVD41,ES
GESVD42,ES
GESVD43,ES
GESVD45,ES
GESVD46,ES
GESVD48,ES
GESVD51,ES
GESVD54,ES
GESVD56,ES
GESVD57,ES
GESVD58,ES
GESVD59,ES
GESVD60,ES
GESVD61,ES
GESVD62,ES
GESVD63,ES
GESVD64,ES
GESVD65,ES
GESVD66,ES
GESVD67,ES
GESVD68,ES
GESVD69,ES
GESVD70,ES
GESVD71,ES
GESVD72,ES
GESVD73,ES
GESVD76,ES
GESVD77,ES
GESVD78,ES
GESVD79,ES
GESVD80,ES
GESVD81,ES
GESVD82,ES
GESVD98,ES
GESVD99,ES
GFORTC1,ES
GFORTV1,ES
GFRGSC1,ES
GFRGSV1,ES
GGACC1,ES
GGACV1,ES
GGALPC2,PT
GGALPV2,PT
GGLRE01,ES
GGMTC1,ES
GGMTV1,ES
GGNCOC1,ES
GGNCOC2,PT
GGNCOV1,ES
GGNCOV2,PT
GGNRAC1,ES
GGNRAV1,ES
GGNSEC2,PT
GGNSEV2,PT
GGSLZC1,ES
GGSLZV1,ES
GGUNVC1,ES
GGUNVV1,ES
GHCGC1,ES
GHCGV1,ES
GHISPC1,ES
GHISPV1,ES
GIBEGC1,ES
GIBEGV1,ES
GIBGEC1,ES
GIBGEV1,ES
GIGNIC1,ES
GIGNIV1,ES
GJAROC1,ES
GJAROV1,ES
GMARTC1,ES
GMARTV1,ES
GMEC01,ES
GMEEC01,ES
GMERCC1,ES
GMERCV1,ES
GMETGC1,ES
GMETGV1,ES
GMTCP3,ES
GMTVP3,ES
GNANDU,ES
GNBRRS,ES
GNCOC01,ES
GNCOC02,PT
GNCOCP3,ES
GNCOR01,ES
GNCOVP3,ES
GNCPCX1,ES
GNCPVX1,ES
GNEASC1,ES
GNEASV1,ES
GNEBRO,ES
GNEXUC1,ES
GNEXUV1,ES
GNIDHC1,ES
GNIDHV1,ES
GNLOTZ,ES
GNOBLC1,ES
GNOBLV1,ES
GNRAC01,ES
GNRACP3,ES
GNRAPM1,ES
GNRAPM2,ES
GNRAVD1,ES
GNRAVP3,ES
GNRPCX1,ES
GNRPVX1,ES
GNRVD12,ES
GNRVD13,ES
GNRVD14,ES
GNRVD15,ES
GNRVD18,ES
GNRVD20,ES
GNRVD21,ES
GNRVD22,ES
GNRVD24,ES
GNRVD25,ES
GNRVD26,ES
GNRVD28,ES
GNRVD29,ES
GNRVD30,ES
GNRVD31,ES
GNRVD35,ES
GNRVD36,ES
GNRVD39,ES
GNRVD43,ES
GNRVD56,ES
GNRVD57,ES
GNRVD59,ES
GNRVD63,ES
GNRVD68,ES
GNRVD69,ES
GNRVD71,ES
GNRVD81,ES
GNRVD84,ES
GNRVD88,ES
GNRVD94,ES
GNRVD97,ES
GNRVD99,ES
GNSEC01,ES
GNSEC02,PT
GNSUC01,ES
GNSUCEB,ES
GNSUVD1,ES
GNSUVD2,ES
GNSUVD3,ES
GNSUVD4,ES
GNSUVD5,ES
GNSUVD6,ES
GNURT1,ES
GNURT2,ES
GNVD100,ES
GNVD105,ES
GNVD110,ES
GNVD115,ES
GNVD116,ES
GNVD117,ES
GNVD122,ES
GNVD126,ES
GNVD127,ES
GNVD130,ES
GNVD132,ES
GNVD133,ES
GNVD134,ES
GNVD135,ES
GNVD136,ES
GNVD137,ES
GNVD140,ES
GNVD142,ES
GNVD146,ES
GNVD148,ES
GNVD149,ES
GNVD150,ES
GNVD151,ES
GNVD152,ES
GNVD153,ES
GNVD154,ES
GNVD156,ES
GNVD157,ES
GNVD158,ES
GNVD159,ES
GNVD160,ES
GNVD161,ES
GNVD162,ES
GNVD163,ES
GNVD168,ES
GNVD169,ES
GNVD170,ES
GNVD171,ES
GNVD172,ES
GNVD174,ES
GNVD175,ES
GNVD176,ES
GNVD180,ES
GNVD181,ES
GNVD182,ES
GNVD183,ES
GNVD184,ES
GNVD185,ES
GNVD186,ES
GNVD187,ES
GNVD188,ES
GNVD189,ES
GNVD190,ES
GNVD191,ES
GNVD192,ES
GNVD193,ES
GNVD194,ES
GNVD195,ES
GNVD196,ES
GNVD197,ES
GNVD198,ES
GNVD200,ES
GNVD201,ES
GNVD202,ES
GNVD203,ES
GNVD204,ES
GNVD205,ES
GNVD206,ES
GNVD207,ES
GNVD208,ES
GNVD209,ES
GNVD210,ES
GNVD211,ES
GNVD212,ES
GNVD213,ES
GNVD214,ES
GNVD215,ES
GNVD216,ES
GNVD217,ES
GNVD218,ES
GNVD219,ES
GNVD220,ES
GNVD221,ES
GNVD222,ES
GNVD223,ES
GNVD224,ES
GNVD225,ES
GNVD226,ES
GNVD227,ES
GNVD228,ES
GNVD229,ES
GNVD230,ES
GNVD231,ES
GNVD232,ES
GNVD233,ES
GNVD234,ES
GNVD235,ES
GNVD236,ES
GNVD237,ES
GNVD238,ES
GNVD239,ES
GNVD240,ES
GNVD241,ES
GNVD242,ES
GNVD243,ES
GNVD244,ES
GNVD245,ES
GNVD246,ES
GNVD247,ES
GNVD248,ES
GNVD249,ES
GNVD250,ES
GNVD251,ES
GNVD252,ES
GNVD253,ES
GNVD254,ES
GNVD255,ES
GNVD256,ES
GNVD257,ES
GNVD258,ES
GNVD259,ES
GNVD260,ES
GNVD261,ES
GNVD262,ES
GNVD263,ES
GNVD264,ES
GNVD265,ES
GNVD266,ES
GNVD267,ES
GNVD268,ES
GNVD269,ES
GNVD270,ES
GNVD271,ES
GNVD272,ES
GNVD273,ES
GNVD274,ES
GNVD275,ES
GNVD276,ES
GNVD277,ES
GNVD278,ES
GNVD279,ES
GNVD280,ES
GNVD281,ES
GNVD282,ES
GNVD283,ES
GNVD284,ES
GNVD286,ES
GNVD287,ES
GNVD288,ES
GNVD289,ES
GNVD292,ES
GOENC01,ES
GOICCX1,ES
GOICVX1,ES
GOIEC01,ES
GOIEVD1,ES
GOIEVD2,ES
GOIEVD3,ES
GOIRE01,ES
GOIRM01,ES
GOIRM02,ES
GOIRM03,ES
GOIRM04,ES
GOIRM05,ES
GOIRM07,ES
GOLDC02,PT
GOLDV02,PT
GONEC1,ES
GONEV1,ES
GPOWEC1,ES
GPOWEV1,ES
GRAFC01,ES
GREEC01,ES
GRENV02,PT
GREPSC1,ES
GREPSV1,ES
GRTEC01,ES
GSAMPC1,ES
GSAMPV1,ES
GSECOC1,ES
GSECOV1,ES
GSETC01,ES
GSEVD01,ES
GSHEEC1,ES
GSHEEC2,PT
GSHEEV1,ES
GSHEEV2,PT
GSLRE04,ES
GSLRE06,ES
GSLRE07,ES
GSLRE08,ES
GSLRE09,ES
GSLZC01,ES
GSMGC1,ES
GSMGC2,PT
GSMGV1,ES
GSMGV2,PT
GSSEEC1,ES
GSSEEV1,ES
GSTCP3,ES
GSTVP3,ES
GSVD100,ES
GSVD102,ES
GSVD103,ES
GSVD104,ES
GSVD105,ES
GSVD106,ES
GSVD109,ES
GSVD110,ES
GSVD111,ES
GSVD112,ES
GSVD113,ES
GSVD114,ES
GSVD115,ES
GSVD116,ES
GSVD117,ES
GSVD118,ES
GSVD119,ES
GSVD120,ES
GSVD121,ES
GSVD122,ES
GSVD123,ES
GSVD124,ES
GSVD125,ES
GSVD126,ES
GSVD127,ES
GSVD128,ES
GSVD129,ES
GSVD130,ES
GSVD131,ES
GSVD132,ES
GSVD133,ES
GSVD134,ES
GSVD135,ES
GSVD136,ES
GSVD137,ES
GSVD138,ES
GSVD139,ES
GSVD140,ES
GSVD141,ES
GSVD142,ES
GSVD143,ES
GSVD144,ES
GSVD145,ES
GSVD146,ES
GSVD147,ES
GSVD148,ES
GSVD149,ES
GSVD150,ES
GSVD151,ES
GSVD152,ES
GSVD153,ES
GSVD154,ES
GSVD155,ES
GSVD156,ES
GSVD157,ES
GSVD158,ES
GSVD159,ES
GSVD160,ES
GSVD161,ES
GSVD162,ES
GSVD163,ES
GSVD164,ES
GSVD165,ES
GSVD166,ES
GSVD167,ES
GSVD168,ES
GSVD169,ES
GSVD170,ES
GSVD171,ES
GSVD174,ES
GSVD175,ES
GSVD176,ES
GSVD177,ES
GSVD178,ES
GSVD179,ES
GSVD180,ES
GSVD181,ES
GSVD182,ES
GSVD183,ES
GSVD184,ES
GSVD185,ES
GSVD186,ES
GSVD187,ES
GSVD189,ES
GSVD193,ES
GSVD194,ES
GSVD196,ES
GSVD197,ES
GSVD198,ES
GSVD199,ES
GTGPLC1,ES
GTGPLV1,ES
GTSRDC1,ES
GTSRDV1,ES
GUADIA,PT
GUADIAB,PT
GUIB,ES
GUIG,ES
GUIRE01,ES
GUISC01,ES
GUISC02,ES
GUISR01,ES
GUNELC1,ES
GUNELV1,ES
GUNVCP3,ES
GUNVVP3,ES
GURBC01,ES
GVIEGC1,ES
GVIEGV1,ES
GVISAC1,ES
GVISAV1,ES
GVITLC1,ES
GVITLV1,ES
HAFEC01,ES
HAMPC01,ES
HAMRE01,ES
HAPOC01,ES
HCGC01,ES
HCGCOX,ES
HCGVD09,ES
HCGVD1,ES
HCGVD11,ES
HCGVD12,ES
HCGVD13,ES
HCGVD14,ES
HCGVD15,ES
HCGVD16,ES
HCGVD17,ES
HCGVD18,ES
HCGVD19,ES
HCGVD2,ES
HCHI,ES
HCNSC01,ES
HCURC01,ES
HCURCEB,ES
HDLRE01,ES
HECEC01,ES
HELEC01,ES
HELIC01,ES
HELIVD1,ES
HIDSC01,ES
HIKAC01,ES
HILAC01,ES
HILTC01,ES
HISPC01,ES
HISVD01,ES
HISVD02,ES
HISVD03,ES
HISVD04,ES
HISVD05,ES
HISVD07,ES
HISVD08,ES
HISVD09,ES
HISVD10,ES
HISVD11,ES
HISVD12,ES
HISVD15,ES
HISVD16,ES
HISVD17,ES
HISVD18,ES
HISVD21,ES
HISVD22,ES
HISVD23,ES
HISVD24,ES
HISVD25,ES
HISVD27,ES
HISVD28,ES
HISVD43,ES
HISVD44,ES
HISVD45,ES
HISVD46,ES
HISVD47,ES
HISVD48,ES
HISVD51,ES
HISVD52,ES
HISVD53,ES
HISVD54,ES
HISVD55,ES
HISVD56,ES
HISVD57,ES
HISVD58,ES
HISVD59,ES
HISVD60,ES
HISVD61,ES
HISVD63,ES
HISVD64,ES
HISVD65,ES
HISVD66,ES
HISVD67,ES
HISVD68,ES
HISVD69,ES
HISVD70,ES
HISVD71,ES
HISVD72,ES
HISVD73,ES
HISVD74,ES
HISVD75,ES
HISVD76,ES
HISVD77,ES
HISVD78,ES
HISVD79,ES
HISVD80,ES
HLYC01,ES
HMSROR1,ES
HOREC01,ES
HOYEC01,ES
HSATC01,ES
HSCOC01,ES
HURVD01,ES
HURVD02,ES
HURVD03,ES
HURVD04,ES
HURVD05,ES
HURVD06,ES
HURVD07,ES
HURVD08,ES
HURVD09,ES
HURVD10,ES
HURVD11,ES
HURVD12,ES
HYDRC01,ES
IBARC01,ES
IBCUC01,ES
IBCUCEB,ES
IBDSC01,ES
IBEGC01,ES
IBEGC05,ES
IBEGCP3,ES
IBEGVP3,ES
IBEVD11,ES
IBEVD12,ES
IBEVD14,ES
IBEVD15,ES
IBEVD16,ES
IBEVD18,ES
IBEVD19,ES
IBEVD20,ES
IBEVD21,ES
IBEVD22,ES
IBEVD23,ES
IBEVD24,ES
IBEVD25,ES
IBEVD26,ES
IBEVD27,ES
IBEVD28,ES
IBEVD29,ES
IBEVD30,ES
IBEVD31,ES
IBEVD32,ES
IBEVD33,ES
IBEVD34,ES
IBEVD35,ES
IBEVD36,ES
IBEVD37,ES
IBEVD38,ES
IBGCCX1,ES
IBGCVX1,ES
IBGECP3,ES
IBGESX,ES
IBGEVD1,ES
IBGEVD2,ES
IBGEVD3,ES
IBGEVD6,ES
IBGEVD9,ES
IBGEVP3,ES
IBGPCX1,ES
IBGPVX1,ES
IBLEC02,PT
IBMXC01,ES
IBRM01,ES
IBRM02,ES
ICASC01,ES
ICGAC01,ES
ICLIC01,ES
ICLIC02,PT
ICLIR01,ES
ICUPCX1,ES
ICUPVX1,ES
ICUVD02,ES
ICUVD04,ES
ICUVD05,ES
ICUVD06,ES
ICUVD07,ES
ICUVD08,ES
ICUVD09,ES
ICUVD10,ES
ICUVD11,ES
ICUVD12,ES
ICUVD13,ES
ICUVD14,ES
ICUVD17,ES
ICUVD18,ES
ICUVD19,ES
ICUVD20,ES
IDENC02,PT
IDESC01,ES
IENOC01,ES
IGESC01,ES
IGESC02,PT
IGESC2,PT
IGESV02,PT
IGESV2,PT
IGNIC01,ES
IGNIV02,PT
IGNRM02,ES
IGNRM03,ES
IGNRM04,ES
IGNRM05,ES
IGNRM06,ES
IGNRM07,ES
IGNRM08,ES
IGNVD29,ES
IGNVD30,ES
IGNVD31,ES
IGNVD39,ES
IGNVD40,ES
IGNVD41,ES
IGNVD42,ES
IGNVD43,ES
IGNVD44,ES
IGNVD45,ES
IGNVD46,ES
IGNVD47,ES
IGNVD48,ES
IGNVD49,ES
IGNVD51,ES
IGNVD53,ES
IGNVD54,ES
IGNVD55,ES
IGNVD56,ES
IGNVD57,ES
IGNVD58,ES
IGNVD59,ES
IGNVD60,ES
IGNVD62,ES
IGNVD63,ES
IGNVD64,ES
IGNVD65,ES
IGNVD66,ES
IGNVD67,ES
IGNVD68,ES
IGNVD69,ES
IGNVD70,ES
IGNVD71,ES
IGNVD72,ES
IGNVD73,ES
IGNVD74,ES
IGNVD75,ES
IGNVD76,ES
IGNVD78,ES
IGNVD79,ES
IGNVD80,ES
IGNVD81,ES
IGNVD82,ES
IGNVD83,ES
IGNVD97,ES
IGNVD98,ES
IGNVD99,ES
IGVD100,ES
IGVD101,ES
IGVD105,ES
IGVD106,ES
IGVD107,ES
IGVD108,ES
IGVD109,ES
IGVD110,ES
IGVD111,ES
IGVD112,ES
IGVD113,ES
IGVD114,ES
IGVD115,ES
IGVD117,ES
IGVD118,ES
IGVD119,ES
IGVD120,ES
IGVD121,ES
IGVD122,ES
IGVD126,ES
IGVD127,ES
IGVD128,ES
IGVD129,ES
IGVD130,ES
IGVD131,ES
IGVD132,ES
IGVD133,ES
IGVD134,ES
IGVD135,ES
IGVD136,ES
IGVD137,ES
IGVD138,ES
IGVD139,ES
IGVD140,ES
IGVD141,ES
IGVD142,ES
IGVD145,ES
IGVD146,ES
IGVD147,ES
IGVD148,ES
IGVD149,ES
IGVD150,ES
IGVD151,ES
IGVD152,ES
IGVD153,ES
IGVD154,ES
IGVD155,ES
IGVD156,ES
IGVD157,ES
IGVD158,ES
IGVD160,ES
IGVD161,ES
IGVD162,ES
IGVD165,ES
IGVD166,ES
IGVD168,ES
IGVD169,ES
IGVD170,ES
IGVD171,ES
IGVD172,ES
IGVD173,ES
IGVD174,ES
IGVD175,ES
IGVD176,ES
IGVD177,ES
IGVD178,ES
IGVD179,ES
IGVD180,ES
IGVD181,ES
IGVD182,ES
IGVD183,ES
IGVD184,ES
IGVD185,ES
IGVD186,ES
IGVD187,ES
IGVD188,ES
IGVD189,ES
IGVD190,ES
IGVD191,ES
IGVD192,ES
IGVD193,ES
IGVD194,ES
IGVD195,ES
IGVD196,ES
IGVD197,ES
IGVD198,ES
IGVD199,ES
IGVD200,ES
IGVD201,ES
IGVD202,ES
IGVD203,ES
IGVD204,ES
IGVD205,ES
IGVD206,ES
IGVD207,ES
IGVD208,ES
IGVD209,ES
IGVD210,ES
IGVD211,ES
IGVD212,ES
IGVD213,ES
IGVD214,ES
IGVD215,ES
IGVD216,ES
IGVD217,ES
IGVD218,ES
IGVD219,ES
IGVD220,ES
IGVD221,ES
IGVD222,ES
IGVD223,ES
IGVD224,ES
IGVD225,ES
IGVD226,ES
IGVD227,ES
IGVD228,ES
IGVD229,ES
IGVD230,ES
IGVD231,ES
IGVD232,ES
IGVD233,ES
IGVD234,ES
IGVD235,ES
IGVD236,ES
IGVD237,ES
IGVD238,ES
IGVD239,ES
IGVD240,ES
IGVD241,ES
IGVD242,ES
IGVD243,ES
IGVD244,ES
IGVD245,ES
IGVD246,ES
IGVD247,ES
IGVD248,ES
IGVD249,ES
IGVD250,ES
IGVD251,ES
IGVD252,ES
IGVD253,ES
IGVD254,ES
IGVD255,ES
IGVD256,ES
IGVD257,ES
IGVD258,ES
IGVD261,ES
IGVD262,ES
IM3C01,ES
IM3RE01,ES
IM3RE02,ES
IMPEC01,ES
INARC01,ES
INATV02,PT
INDAC01,ES
INDEC01,ES
INDXC01,ES
INERC01,ES
INERE01,ES
INERM02,ES
INERM03,ES
INGEC01,ES
INICC01,ES
INTEC01,ES
INTRC01,ES
INTRE01,ES
INTVD01,ES
IONC01,ES
IPB,ES
IPG,ES
IRISC01,ES
ISAEC01,ES
ISEOC01,ES
ISMCCX1,ES
ISMCVX1,ES
ISMPCX1,ES
ISMPVX1,ES
ISMRE02,ES
ISMRE03,ES
ISMRE04,ES
ISMRE05,ES
ISMSC01,ES
ITALCO,ES
ITUVD01,ES
ITUVD02,ES
JAFPC02,PT
JAFPV02,PT
JMFEC01,ES
JOIRC01,ES
JOIRC02,ES
JOIRC03,ES
JOIRC04,ES
JOIRC05,ES
JOIRC06,ES
JOIRC07,ES
JOIRC08,ES
JOIRC09,ES
JOIRC11,ES
JOIRC12,ES
JOIRC13,ES
JOIRC14,ES
JOIRC15,ES
JOIRC16,ES
JOIRC18,ES
JOIRC19,ES
JOIRC20,ES
JOIRC21,ES
JOIRC22,ES
JOIRC23,ES
JOIRC24,ES
JOIRC25,ES
JOIRC26,ES
JOSEC01,ES
JRONCP3,ES
JRONVP3,ES
JUANC01,ES
JUCA,ES
JUSEC01,ES
KAIBC01,ES
KARMC01,ES
KAUNITE,ES
KILVC01,ES
KINEC01,ES
KIRIC01,ES
KISHC01,ES
KONYC01,ES
KREAC01,ES
KWFC01,ES
LABOC01,ES
LADYC01,ES
LAN1,ES
LAN2,ES
LAOBC01,ES
LAPAC01,ES
LARES1,PT
LARES2,PT
LAUCCX1,ES
LAUCVX1,ES
LAUEC01,ES
LAUEVD0,ES
LAUEVD2,ES
LAUEVD5,ES
LAUEVD6,ES
LAURE01,ES
LAURE02,ES
LAURM01,ES
LAURM03,ES
LAURM06,ES
LAURM07,ES
LAURM10,ES
LAURM11,ES
LAURM12,ES
LAURM13,ES
LAVAC01,ES
LBAT,ES
LCOSC01,ES
LDGIC01,ES
LEGAC01,ES
LEONC01,ES
LERC01,ES
LEZIV02,PT
LIDEC01,ES
LIDVD01,ES
LIDVD02,ES
LIUPC01,ES
LLO1,ES
LLO2,ES
LLO3,ES
LMA1,ES
LMEJUCA,ES
LMERC01,ES
LMERVD1,ES
LMERVD2,ES
LMERVD6,ES
LMERVD7,ES
LMEVD10,ES
LMEVD11,ES
LMEVD12,ES
LMEVD13,ES
LMEVD14,ES
LMEVD15,ES
LMEVD16,ES
LMEVD17,ES
LMEVD18,ES
LMEVD22,ES
LMEVD23,ES
LMEVD25,ES
LMEVD26,ES
LMEVD27,ES
LMEVD28,ES
LMEVD29,ES
LMM1,ES
LMM2,ES
LMPM001,ES
LMRE001,ES
LMRE003,ES
LMRE005,ES
LMRE020,ES
LNU1,ES
LNU2,ES
LOBOC01,ES
LOGIC02,PT
LOGIV02,PT
LORC,ES
LUBAC01,ES
LUCAC01,ES
LUCEC01,ES
LUCFC01,ES
LUCIC01,ES
LUCKC01,ES
LUM1C01,ES
LUMEC01,ES
LUMIC01,ES
LUMRE01,ES
LUSIC02,PT
LUSIV02,PT
LUXIC01,ES
LUZBC02,PT
LUZBV02,PT
LUZPC01,ES
MALA1,ES
MALAC01,ES
MANUC01,ES
MARFRAE,ES
MARFRAI,ES
MARPORE,ES
MARPORI,ES
MARTC01,ES
MASIC01,ES
MASNC01,ES
MASRE01,ES
MATAC01,ES
MAXIC01,ES
MELRC01,ES
MELUC01,ES
MENEC01,ES
MERC01,ES
MERCCP3,ES
MERCVP3,ES
METEC01,ES
METEC02,PT
METER01,ES
METRE01,ES
METRM01,ES
METRM02,ES
METRM03,ES
METRM04,ES
METRM05,ES
METRM06,ES
METRM07,ES
METRM08,ES
METRM09,ES
METRM10,ES
MINIC01,ES
MLTB,ES
MLTG,ES
MNSRM02,ES
MOIAC01,ES
MOLEC01,ES
MOLIVIR,ES
MONDEGB,PT
MONDEGO,PT
MONTC01,ES
MOREL1R,ES
MOREL2R,ES
MORTC01,ES
MOTAC01,ES
MOVHC01,ES
MOVIC01,ES
MSVSC01,ES
MUEB,ES
MUEL,ES
MUESC01,ES
MULTC01,ES
MUONC02,PT
MUONV02,PT
MUTAC01,ES
MXXIC01,ES
MYENC01,ES
MYERE01,ES
MYERE02,ES
MYLIC01,ES
NABAC01,ES
NAVAC01,ES
NCEC01,ES
NCERM01,ES
NCERM02,ES
NCERM04,ES
NCERM05,ES
NCERM06,ES
NCERM09,ES
NCERM14,ES
NCERM22,ES
NCEVD01,ES
NEASC01,ES
NEASCP3,ES
NEASVP3,ES
NEMOC01,ES
NEOEC01,ES
NETOC01,ES
NEUCCX1,ES
NEUCVX1,ES
NEURC01,ES
NEURM02,ES
NEURM03,ES
NEURM04,ES
NEURM05,ES
NEURM06,ES
NEURM07,ES
NEURM08,ES
NEURM09,ES
NEURM10,ES
NEURM11,ES
NEURM13,ES
NEURM14,ES
NEURM15,ES
NEURM17,ES
NEURM19,ES
NEWCC01,ES
NEXAC01,ES
NEXTC01,ES
NEXUC01,ES
NEXVD03,ES
NEXVD05,ES
NEXVD07,ES
NEXVD09,ES
NEXVD11,ES
NEXVD20,ES
NEXVD21,ES
NEXVD22,ES
NEXVD23,ES
NEXVD25,ES
NEXVD32,ES
NEXVD33,ES
NEXVD35,ES
NEXVD36,ES
NEXVD45,ES
NEXVD46,ES
NEXVD47,ES
NEXVD52,ES
NEXVD53,ES
NEXVD57,ES
NEXVD58,ES
NEXVD59,ES
NEXVD60,ES
NEXVD61,ES
NEXVD62,ES
NEXVD63,ES
NEXVD64,ES
NEXVD65,ES
NEXVD67,ES
NEXVD70,ES
NEXVD71,ES
NEXVD72,ES
NEXVD76,ES
NEXVD77,ES
NEXVD80,ES
NEXVD81,ES
NEXVD85,ES
NEXVD86,ES
NEXVD87,ES
NEXVD88,ES
NEXVD89,ES
NEXVD90,ES
NEXVD91,ES
NEXVD98,ES
NIDHCP3,ES
NIDHVP3,ES
NOBEC01,ES
NOBLCP3,ES
NOBLVP3,ES
NOCTC01,ES
NORTC01,ES
NOVAC02,PT
NRENVD1,ES
NUFRR01,ES
NVLUC01,ES
NWENC01,ES
NXVD100,ES
NXVD101,ES
NXVD104,ES
NXVD105,ES
NXVD107,ES
NXVD108,ES
NXVD109,ES
NXVD110,ES
NXVD111,ES
NXVD112,ES
NXVD113,ES
NXVD114,ES
NXVD117,ES
NXVD118,ES
NXVD120,ES
NXVD126,ES
NXVD127,ES
NXVD128,ES
NXVD129,ES
NXVD130,ES
NXVD131,ES
NXVD132,ES
NXVD133,ES
NXVD134,ES
NXVD135,ES
NXVD136,ES
NXVD137,ES
NXVD140,ES
NXVD141,ES
NXVD142,ES
NXVD143,ES
NXVD144,ES
NXVD145,ES
NXVD147,ES
NXVD148,ES
NXVD150,ES
NXVD151,ES
NXVD152,ES
NXVD153,ES
NXVD154,ES
NXVD156,ES
NXVD160,ES
NXVD162,ES
NXVD163,ES
NXVD164,ES
NXVD165,ES
NXVD166,ES
NXVD167,ES
NXVD168,ES
NXVD169,ES
NXVD170,ES
NXVD171,ES
NXVD172,ES
NXVD173,ES
NXVD174,ES
NXVD175,ES
NXVD176,ES
NXVD177,ES
NXVD179,ES
NXVD180,ES
NXVD188,ES
NXVD190,ES
NXVD193,ES
NXVD194,ES
NXVD195,ES
NXVD196,ES
NXVD197,ES
NXVD198,ES
NXVD199,ES
NXVD200,ES
NXVD201,ES
NXVD203,ES
NXVD205,ES
NXVD206,ES
NXVD207,ES
NXVD212,ES
NXVD213,ES
NXVD214,ES
NXVD215,ES
NXVD216,ES
NXVD217,ES
NXVD218,ES
NXVD219,ES
NXVD221,ES
NXVD222,ES
NXVD223,ES
NXVD224,ES
NXVD225,ES
NXVD226,ES
NXVD227,ES
NXVD228,ES
NXVD229,ES
NXVD230,ES
NXVD231,ES
NXVD232,ES
NXVD233,ES
NXVD234,ES
NXVD235,ES
NXVD236,ES
NXVD237,ES
NXVD238,ES
NXVD241,ES
NXVD242,ES
NXVD243,ES
NXVD245,ES
NXVD246,ES
NXVD247,ES
NXVD248,ES
NXVD250,ES
NXVD251,ES
NXVD252,ES
NXVD253,ES
NXVD254,ES
NXVD255,ES
NXVD256,ES
NXVD258,ES
NXVD259,ES
NXVD260,ES
NXVD261,ES
NXVD262,ES
NXVD263,ES
NXVD264,ES
NXVD265,ES
NXVD266,ES
NXVD267,ES
NXVD268,ES
NXVD269,ES
NXVD270,ES
NXVD271,ES
NXVD272,ES
NXVD273,ES
NXVD274,ES
NXVD275,ES
NXVD276,ES
NXVD277,ES
NXVD278,ES
NXVD279,ES
NXVD280,ES
NXVD281,ES
NXVD282,ES
NXVD284,ES
NXVD285,ES
NXVD286,ES
NXVD287,ES
NXVD288,ES
NXVD289,ES
NXVD291,ES
NXVD292,ES
NXVD293,ES
NXVD294,ES
NXVD295,ES
NXVD296,ES
NXVD297,ES
NXVD298,ES
NXVD299,ES
NXVD300,ES
NXVD301,ES
NXVD302,ES
NXVD303,ES
NXVD304,ES
NXVD305,ES
NXVD306,ES
NXVD307,ES
NXVD308,ES
NXVD309,ES
NXVD310,ES
NXVD311,ES
NXVD312,ES
NXVD313,ES
NXVD314,ES
NXVD315,ES
NXVD316,ES
NXVD317,ES
NXVD318,ES
NXVD319,ES
NXVD320,ES
NXVD321,ES
NXVD322,ES
NXVD324,ES
NXVD325,ES
NXVD326,ES
NXVD327,ES
NXVD328,ES
NXVD329,ES
NXVD330,ES
NXVD331,ES
NXVD332,ES
NXVD333,ES
NXVD334,ES
NXVD335,ES
NXVD336,ES
NXVD337,ES
NXVD338,ES
NXVD339,ES
NXVD340,ES
NXVD341,ES
NXVD342,ES
NXVD343,ES
NXVD344,ES
NXVD345,ES
NXVD349,ES
NXVD350,ES
NXVD351,ES
NXVD352,ES
NXVD353,ES
NXVD354,ES
NXVD355,ES
NXVD356,ES
NXVD357,ES
NXVD358,ES
NXVD359,ES
NXVD360,ES
NXVD361,ES
NXVD362,ES
NXVD363,ES
NXVD364,ES
NXVD365,ES
NXVD366,ES
NXVD367,ES
NXVD368,ES
NXVD369,ES
NXVD370,ES
NXVD371,ES
NXVD372,ES
NXVD373,ES
NXVD374,ES
NXVD375,ES
NXVD376,ES
NXVD377,ES
NXVD378,ES
NXVD379,ES
NXVD380,ES
NXVD381,ES
NXVD382,ES
NXVD383,ES
NXVD384,ES
NXVD385,ES
NXVD386,ES
NXVD387,ES
NXVD389,ES
NXVD390,ES
NXVD391,ES
NXVD392,ES
NXVD393,ES
NXVD394,ES
NXVD395,ES
NXVD396,ES
NXVD397,ES
NXVD398,ES
NXVD399,ES
NXVD400,ES
NXVD401,ES
NXVD402,ES
NXVD403,ES
NXVD404,ES
NXVD405,ES
NXVD406,ES
NXVD407,ES
NXVD408,ES
NXVD409,ES
NXVD410,ES
NXVD411,ES
NXVD412,ES
NXVD413,ES
NXVD414,ES
NXVD415,ES
NXVD416,ES
NXVD417,ES
NXVD418,ES
NXVD419,ES
NXVD420,ES
NXVD421,ES
NXVD422,ES
NXVD423,ES
NXVD424,ES
NXVD425,ES
NXVD426,ES
NXVD427,ES
NXVD428,ES
NXVD429,ES
NXVD430,ES
NXVD431,ES
NXVD432,ES
NXVD433,ES
NXVD434,ES
NXVD435,ES
NXVD436,ES
NXVD437,ES
NXVD438,ES
NXVD439,ES
NXVD440,ES
NXVD441,ES
NXVD442,ES
NXVD443,ES
NXVD444,ES
NXVD445,ES
NXVD446,ES
NXVD447,ES
NXVD448,ES
NXVD449,ES
NXVD452,ES
NXVD453,ES
NXVD454,ES
NXVD456,ES
NXVD457,ES
NXVD458,ES
NXVD459,ES
NXVD460,ES
NXVD461,ES
NXVD462,ES
NXVD463,ES
NXVD464,ES
NXVD465,ES
NXVD466,ES
NXVD467,ES
NXVD468,ES
NXVD471,ES
NXVD472,ES
NXVD473,ES
NXVD474,ES
NXVD475,ES
NXVD476,ES
NXVD477,ES
NXVD478,ES
NXVD479,ES
NXVD480,ES
NXVD481,ES
NXVD482,ES
NXVD483,ES
NXVD484,ES
NXVD485,ES
NXVD486,ES
NXVD487,ES
NXVD488,ES
NXVD489,ES
NXVD490,ES
NXVD491,ES
NXVD492,ES
NXVD493,ES
NXVD494,ES
NXVD495,ES
NXVD496,ES
NXVD497,ES
NXVD498,ES
NXVD499,ES
NXVD500,ES
NXVD501,ES
NXVD502,ES
NXVD503,ES
NXVD504,ES
NXVD505,ES
NXVD506,ES
NXVD507,ES
NXVD508,ES
NXVD509,ES
NXVD510,ES
NYCLC01,ES
OENC02,PT
OENV02,PT
OESTC01,ES
OHMIC01,ES
OKENC01,ES
OLEC01,ES
OLIVC01,ES
OLLEC01,ES
OMHEC01,ES
ONDC01,ES
ONDEC01,ES
ONDEC02,PT
ONDRM10,ES
ONDRM14,ES
ONEACH,ES
ONEVEN,ES
OPPIC01,ES
OPPRE01,ES
ORWEC01,ES
OXPEC01,ES
PALOC01,ES
PALOS1,ES
PALOS2,ES
PALOS3,ES
PBCN1,ES
PBCN2,ES
PEGO3,PT
PEGO4,PT
PETEC02,PT
PETRC01,ES
PEURE01,ES
PEURE02,ES
PEURM01,ES
PGR5,ES
PHENV02,PT
PISUC01,ES
PLGRE01,ES
PLIAC01,ES
POLAC01,ES
PONCC01,ES
PORTC02,PT
PORTV02,PT
POSOC01,ES
POWCP3,ES
POWEC01,ES
POWNC01,ES
POWRC01,ES
POWVP3,ES
PROPC02,PT
PROSC01,ES
PRPIC02,PT
PTENC01,ES
PTLIC02,PT
PTLIV02,PT
PUIC01,ES
PULRE01,ES
PULSC01,ES
PVENT1,ES
PVENT2,ES
PVENT2X,ES
PWPC02,PT
PWPV02,PT
PZCPR,ES
QENEC01,ES
QUATC01,ES
RABID2R,ES
RAYAC01,ES
RCONC01,ES
RDGAC01,ES
RDQ1,ES
RDQ2,ES
RECOC01,ES
RECRC08,ES
RECRC09,ES
RECRC11,ES
RECRC14,ES
RECRC16,ES
RECRC17,ES
RECRC19,ES
RECRC21,ES
RECRC22,ES
RECRC24,ES
RECRC28,ES
REMIC01,ES
REPEC01,ES
REPPC02,PT
REPPLL,ES
REPR,ES
REPRC01,ES
REPTV02,PT
REPVD01,ES
REPVD02,ES
REPVD03,ES
REPVD04,ES
REPVD05,ES
REPVD06,ES
REPVD07,ES
RESRE01,ES
RESRE02,ES
RESSECR,ES
REUSC01,ES
RIBATE1,PT
RIBATE2,PT
RIBATE3,PT
RIVAC01,ES
RIVEC02,PT
RIVRE01,ES
RMU1,ES
ROFEC01,ES
ROFVD01,ES
ROFVD02,ES
ROLEC02,PT
RONDC01,ES
RPTRTAR,ES
RSEVD01,ES
RSEVD02,ES
RSEVD03,ES
RSEVD04,ES
RSPAC01,ES
RSPEC01,ES
RSPRC01,ES
RSPRM01,ES
RSPVD01,ES
RSPVD02,ES
RSPVD03,ES
RSPVD05,ES
RSPVD06,ES
RZABAL,ES
SAGU1,ES
SAGU2,ES
SAGU3,ES
SAHKC01,ES
SALPC01,ES
SAMAC01,ES
SAMEC01,ES
SAMPC01,ES
SAMPVD1,ES
SAMPVD2,ES
SAN1,ES
SAPIC01,ES
SBC01,ES
SBEU,ES
SBO3,ES
SCRUR01,ES
SECOCP3,ES
SECOVP3,ES
SECPCX1,ES
SECPVX1,ES
SECRE01,ES
SECRE02,ES
SECRE04,ES
SEDAC01,ES
SEDAVD1,ES
SEDVD02,ES
SEDVD03,ES
SEDVD04,ES
SEDVD05,ES
SEDVD06,ES
SEDVD07,ES
SEELC01,ES
SERVC01,ES
SESAC01,ES
SESAR01,ES
SESAUX,ES
SESVD02,ES
SESVD03,ES
SESVD04,ES
SESVD05,ES
SESVD07,ES
SESVD08,ES
SESVD13,ES
SESVD18,ES
SESVD25,ES
SEVARES,ES
SFA1,ES
SFA2,ES
SHEECP3,ES
SHEENX,ES
SHEEVP3,ES
SHEVD01,ES
SHEVD02,ES
SHEVD03,ES
SHEVD04,ES
SHEVD05,ES
SHEVD06,ES
SHEVD07,ES
SHEVD08,ES
SHEVD09,ES
SHEVD10,ES
SHEVD11,ES
SHEVD12,ES
SHEVD13,ES
SHEVD14,ES
SHEVD15,ES
SHEVD16,ES
SHEVD17,ES
SHEVD18,ES
SHEVD19,ES
SHEVD20,ES
SHEVD21,ES
SHEVD22,ES
SHEVD23,ES
SHEVD24,ES
SHEVD25,ES
SHEVD26,ES
SHEVD27,ES
SHEVD28,ES
SHEVD32,ES
SHEVD33,ES
SHEVD34,ES
SIGNC01,ES
SIL,ES
SILB,ES
SILOC01,ES
SIMPV02,PT
SIMPVD1,ES
SLRRE01,ES
SLRRE02,ES
SLTB,ES
SLTG,ES
SLWRE01,ES
SLWRE02,ES
SMBC02,PT
SMBV02,PT
SMGC02,PT
SMGCP3,ES
SMGVP3,ES
SNIAC01,ES
SNICOG,ES
SNTEVD1,ES
SOCRC05,ES
SOCRC06,ES
SOCRC08,ES
SOCRC10,ES
SOCRC13,ES
SOCRC14,ES
SOCRC15,ES
SOCRC17,ES
SOCRC18,ES
SOECC01,ES
SOERE01,ES
SOERE05,ES
SOL2,ES
SOLBC01,ES
SOLFC01,ES
SOLLC01,ES
SOLRE01,ES
SOLRM01,ES
SOLTC01,ES
SOLWC01,ES
SOMEC01,ES
SOMRE02,ES
SOMRE03,ES
SOMRE04,ES
SOMRE05,ES
SOMRE06,ES
SOPRC01,ES
SORXC01,ES
SPCKC01,ES
SPINC01,ES
SRI3,ES
SRI4R,ES
SRI5R,ES
SROQ1,ES
SROQ2,ES
SRVGC01,ES
SRVIC01,ES
SRVRM01,ES
SRVRM02,ES
SSEECP3,ES
SSEEVP3,ES
STAC02,PT
STAQC01,ES
STC4,ES
STINC01,ES
STOC01,ES
STROC01,ES
STVRE03,ES
SUCAC01,ES
SUMAC01,ES
SUNC02,PT
SUNCC01,ES
SUNFC01,ES
SWAPC01,ES
SWARM01,ES
SYENC01,ES
TAJB,ES
TAJO,ES
TALEC01,ES
TAMEGA,PT
TAMEGAB,PT
TANB,ES
TAPOWER,ES
TAURM01,ES
TAUTC01,ES
TEES,ES
TEMON,PT
TENDC01,ES
TEOTC01,ES
TERE,ES
TERRE01,ES
TERRE02,ES
TERRE03,ES
TERSC01,ES
TEV2C01,ES
TEVIC01,ES
TEXZC01,ES
TGBSC01,ES
TGYER01,ES
THELC01,ES
TIPMEGA,ES
TIRCC01,ES
TJEB,ES
TJEG,ES
TLCMC01,ES
TLCRC01,ES
TOECC01,ES
TOMMC01,ES
TORTE01,ES
TOTGCP3,ES
TOTGVP3,ES
TOTRE01,ES
TOTRE02,ES
TOTRE03,ES
TOTRE04,ES
TOTRE05,ES
TOTRE06,ES
TOTRE07,ES
TOTRE08,ES
TOTRE09,ES
TOTRE10,ES
TOTRM01,ES
TOTRM02,ES
TOTRM03,ES
TRARC01,ES
TRARE01,ES
TRICC01,ES
TRIPCX1,ES
TRIPVX1,ES
TRIRE01,ES
TRIRE02,ES
TRIRE03,ES
TRIRE04,ES
TRIRE05,ES
TRL1,ES
TSOLC01,ES
TSRDCP3,ES
TSRDV02,PT
TSRDVP3,ES
TSRRE01,ES
TUCAC01,ES
TUELC01,ES
UFBB,ES
UFBG,ES
UFGC,ES
UFMI,ES
UFTA,ES
ULEA,ES
ULSOC01,ES
UMBRC01,ES
UMEMC01,ES
UNELC01,ES
UPACAC,ES
UPPTCHA,ES
UPPTDIS,ES
URACC01,ES
URAIC01,ES
URBCC01,ES
URBRC02,ES
URVIC01,ES
USENC02,PT
VALOC01,ES
VALRC01,ES
VAN2,ES
VAQC01,ES
VARAC01,ES
VDLUC01,ES
VECCC01,ES
VESTC01,ES
VGERC02,ES
VGERE07,ES
VGERE08,ES
VGERE12,ES
VGERE13,ES
VGERE17,ES
VGERE18,ES
VGERE33,ES
VGERE34,ES
VGERE35,ES
VGERE39,ES
VGERE42,ES
VGERE43,ES
VGERE44,ES
VGERE45,ES
VGERE46,ES
VGERE47,ES
VGERE48,ES
VGERE49,ES
VGERE50,ES
VGERE51,ES
VGERE52,ES
VGERE53,ES
VGERE54,ES
VGERE55,ES
VGERE56,ES
VGERE57,ES
VGERE60,ES
VGERE61,ES
VGERE62,ES
VIEECA1,ES
VIERE01,ES
VIES,ES
VIMC01,ES
VIOLC01,ES
VIRIC01,ES
VIROC01,ES
VIROC02,PT
VIRRE01,ES
VIRRE02,ES
VIRTC01,ES
VIRUC01,ES
VISC01,ES
VISLC01,ES
VISRE19,ES
VISRE20,ES
VISRE21,ES
VISRE22,ES
VISRE23,ES
VISRM10,ES
VITLC01,ES
VITLCP3,ES
VITLVP3,ES
VIVOC01,ES
VNLSC01,ES
VOLNC02,PT
VTERE01,ES
VTERM01,ES
VTERM04,ES
VTERM05,ES
VTERM06,ES
VTERM07,ES
VTERM09,ES
VTERM10,ES
VTERM11,ES
VTERM16,ES
VTERM19,ES
VTERM22,ES
VTERM24,ES
VTERM25,ES
VTERM26,ES
VTERM28,ES
VTERM29,ES
VTERM30,ES
VTERM31,ES
VTERM32,ES
VTERM33,ES
VTERM34,ES
VTERM35,ES
VVESC01,ES
WATIC01,ES
WATRE02,ES
WATRE03,ES
WATRE04,ES
WATRE05,ES
WATRE06,ES
WATRE07,ES
WATRE08,ES
WATRE09,ES
WATRE10,ES
WATRE11,ES
WATRE12,ES
WATRE13,ES
WATRE14,ES
WATRE15,ES
WATRE16,ES
WATRE17,ES
WATRE18,ES
WATRM03,ES
WATRM06,ES
WATRM07,ES
WATRM08,ES
WINRE01,ES
WKWC01,ES
WMARC01,ES
WMARCAX,ES
WMARVD1,ES
WMCHVNR,ES
WMEBRO,ES
WMGRDZR,ES
WMJUCA,ES
WMPGOMR,ES
WMTRC2R,ES
WMTRCDR,ES
WMVD007,ES
WMVD014,ES
WMVD020,ES
WMVD034,ES
WMVD043,ES
WMVD050,ES
WMVD087,ES
WMVD088,ES
WMVD090,ES
WMVD101,ES
WMVD114,ES
WMVD117,ES
WMVD124,ES
WMVD127,ES
WMVD131,ES
WMVD144,ES
WMVD145,ES
WMVD146,ES
WMVD147,ES
WMVD150,ES
WMVD155,ES
WMVD165,ES
WMVD166,ES
WMVD168,ES
WMVD169,ES
WMVD170,ES
WMVD171,ES
WMVD172,ES
WMVD173,ES
WMVD177,ES
WMVD180,ES
WMVD181,ES
WMVD183,ES
WMVD184,ES
WMVD185,ES
WMVD186,ES
WMVD187,ES
WMVD188,ES
WMVD189,ES
WMVD193,ES
WMVD194,ES
WMVD204,ES
WMVD205,ES
WMVD206,ES
WMVD207,ES
WMVD208,ES
WMVD209,ES
WMVD210,ES
WMVD211,ES
WMVD212,ES
WMVD213,ES
WMVD214,ES
WMVD215,ES
WMVD216,ES
WMVD218,ES
WMVD219,ES
WMVD221,ES
WMVD224,ES
WMVD225,ES
WMVD226,ES
WMVD227,ES
WMVD228,ES
WMVD229,ES
WMVD230,ES
WMVD231,ES
WMVD232,ES
WMVD233,ES
WMVD234,ES
WMVD235,ES
WMVD236,ES
WMVD237,ES
WMVD238,ES
WMVD239,ES
WMVD240,ES
WMVD241,ES
WWHOC01,ES
YELLC01,ES
YOURC01,ES
ZABU,ES
ZELTC01,ES
ZEREC01,ES
ZETAC01,ES
ZRMRE01,ES
ZRMRE02,ES
ZRMRE03,ES
ZRMTC01,ES
ZUGCC02,PT
ZUGPC02,PT
ZULUC01,ES
